ClassicalMusic,AF3,THETA,44.254
ClassicalMusic,AF3,ALPHA,5.479
ClassicalMusic,AF3,BETA_L,1.911
ClassicalMusic,AF3,BETA_H,1.688
ClassicalMusic,AF3,GAMMA,0.259
ClassicalMusic,AF4,THETA,35.433
ClassicalMusic,AF4,ALPHA,4.526
ClassicalMusic,AF4,BETA_L,3.824
ClassicalMusic,AF4,BETA_H,1.544
ClassicalMusic,AF4,GAMMA,0.231
ClassicalMusic,T7,THETA,1.664
ClassicalMusic,T7,ALPHA,1.763
ClassicalMusic,T7,BETA_L,3.806
ClassicalMusic,T7,BETA_H,1.829
ClassicalMusic,T7,GAMMA,0.867
ClassicalMusic,T8,THETA,2.038
ClassicalMusic,T8,ALPHA,1.276
ClassicalMusic,T8,BETA_L,9.115
ClassicalMusic,T8,BETA_H,1.710
ClassicalMusic,T8,GAMMA,0.227
ClassicalMusic,Pz,THETA,0.636
ClassicalMusic,Pz,ALPHA,1.755
ClassicalMusic,Pz,BETA_L,1.224
ClassicalMusic,Pz,BETA_H,0.613
ClassicalMusic,Pz,GAMMA,0.532
ClassicalMusic,AF3,THETA,25.286
ClassicalMusic,AF3,ALPHA,3.580
ClassicalMusic,AF3,BETA_L,2.264
ClassicalMusic,AF3,BETA_H,1.573
ClassicalMusic,AF3,GAMMA,0.244
ClassicalMusic,AF4,THETA,20.292
ClassicalMusic,AF4,ALPHA,3.033
ClassicalMusic,AF4,BETA_L,4.976
ClassicalMusic,AF4,BETA_H,1.539
ClassicalMusic,AF4,GAMMA,0.216
ClassicalMusic,T7,THETA,1.873
ClassicalMusic,T7,ALPHA,2.308
ClassicalMusic,T7,BETA_L,5.353
ClassicalMusic,T7,BETA_H,2.051
ClassicalMusic,T7,GAMMA,0.901
ClassicalMusic,T8,THETA,2.171
ClassicalMusic,T8,ALPHA,1.809
ClassicalMusic,T8,BETA_L,12.052
ClassicalMusic,T8,BETA_H,1.865
ClassicalMusic,T8,GAMMA,0.218
ClassicalMusic,Pz,THETA,0.755
ClassicalMusic,Pz,ALPHA,2.386
ClassicalMusic,Pz,BETA_L,1.493
ClassicalMusic,Pz,BETA_H,0.597
ClassicalMusic,Pz,GAMMA,0.471
ClassicalMusic,AF3,THETA,15.232
ClassicalMusic,AF3,ALPHA,2.913
ClassicalMusic,AF3,BETA_L,2.595
ClassicalMusic,AF3,BETA_H,1.488
ClassicalMusic,AF3,GAMMA,0.239
ClassicalMusic,AF4,THETA,12.563
ClassicalMusic,AF4,ALPHA,2.628
ClassicalMusic,AF4,BETA_L,5.948
ClassicalMusic,AF4,BETA_H,1.554
ClassicalMusic,AF4,GAMMA,0.225
ClassicalMusic,T7,THETA,2.095
ClassicalMusic,T7,ALPHA,3.109
ClassicalMusic,T7,BETA_L,6.871
ClassicalMusic,T7,BETA_H,2.170
ClassicalMusic,T7,GAMMA,0.894
ClassicalMusic,T8,THETA,2.317
ClassicalMusic,T8,ALPHA,2.293
ClassicalMusic,T8,BETA_L,14.106
ClassicalMusic,T8,BETA_H,2.031
ClassicalMusic,T8,GAMMA,0.222
ClassicalMusic,Pz,THETA,0.873
ClassicalMusic,Pz,ALPHA,2.921
ClassicalMusic,Pz,BETA_L,1.723
ClassicalMusic,Pz,BETA_H,0.601
ClassicalMusic,Pz,GAMMA,0.495
ClassicalMusic,AF3,THETA,16.011
ClassicalMusic,AF3,ALPHA,3.655
ClassicalMusic,AF3,BETA_L,2.883
ClassicalMusic,AF3,BETA_H,1.445
ClassicalMusic,AF3,GAMMA,0.241
ClassicalMusic,AF4,THETA,13.611
ClassicalMusic,AF4,ALPHA,3.610
ClassicalMusic,AF4,BETA_L,6.562
ClassicalMusic,AF4,BETA_H,1.558
ClassicalMusic,AF4,GAMMA,0.248
ClassicalMusic,T7,THETA,2.290
ClassicalMusic,T7,ALPHA,4.228
ClassicalMusic,T7,BETA_L,8.110
ClassicalMusic,T7,BETA_H,2.150
ClassicalMusic,T7,GAMMA,0.849
ClassicalMusic,T8,THETA,2.743
ClassicalMusic,T8,ALPHA,2.591
ClassicalMusic,T8,BETA_L,14.828
ClassicalMusic,T8,BETA_H,2.198
ClassicalMusic,T8,GAMMA,0.237
ClassicalMusic,Pz,THETA,0.954
ClassicalMusic,Pz,ALPHA,3.268
ClassicalMusic,Pz,BETA_L,1.867
ClassicalMusic,Pz,BETA_H,0.620
ClassicalMusic,Pz,GAMMA,0.561
ClassicalMusic,AF3,THETA,24.615
ClassicalMusic,AF3,ALPHA,5.711
ClassicalMusic,AF3,BETA_L,3.095
ClassicalMusic,AF3,BETA_H,1.444
ClassicalMusic,AF3,GAMMA,0.246
ClassicalMusic,AF4,THETA,20.789
ClassicalMusic,AF4,ALPHA,5.985
ClassicalMusic,AF4,BETA_L,6.699
ClassicalMusic,AF4,BETA_H,1.521
ClassicalMusic,AF4,GAMMA,0.271
ClassicalMusic,T7,THETA,2.422
ClassicalMusic,T7,ALPHA,5.631
ClassicalMusic,T7,BETA_L,8.904
ClassicalMusic,T7,BETA_H,2.018
ClassicalMusic,T7,GAMMA,0.781
ClassicalMusic,T8,THETA,3.682
ClassicalMusic,T8,ALPHA,2.643
ClassicalMusic,T8,BETA_L,14.164
ClassicalMusic,T8,BETA_H,2.349
ClassicalMusic,T8,GAMMA,0.257
ClassicalMusic,Pz,THETA,1.003
ClassicalMusic,Pz,ALPHA,3.416
ClassicalMusic,Pz,BETA_L,1.905
ClassicalMusic,Pz,BETA_H,0.657
ClassicalMusic,Pz,GAMMA,0.665
ClassicalMusic,AF3,THETA,37.003
ClassicalMusic,AF3,ALPHA,8.899
ClassicalMusic,AF3,BETA_L,3.201
ClassicalMusic,AF3,BETA_H,1.471
ClassicalMusic,AF3,GAMMA,0.252
ClassicalMusic,AF4,THETA,30.761
ClassicalMusic,AF4,ALPHA,9.534
ClassicalMusic,AF4,BETA_L,6.355
ClassicalMusic,AF4,BETA_H,1.431
ClassicalMusic,AF4,GAMMA,0.291
ClassicalMusic,T7,THETA,2.445
ClassicalMusic,T7,ALPHA,7.122
ClassicalMusic,T7,BETA_L,9.169
ClassicalMusic,T7,BETA_H,1.850
ClassicalMusic,T7,GAMMA,0.715
ClassicalMusic,T8,THETA,5.087
ClassicalMusic,T8,ALPHA,2.483
ClassicalMusic,T8,BETA_L,12.424
ClassicalMusic,T8,BETA_H,2.447
ClassicalMusic,T8,GAMMA,0.281
ClassicalMusic,Pz,THETA,1.047
ClassicalMusic,Pz,ALPHA,3.399
ClassicalMusic,Pz,BETA_L,1.843
ClassicalMusic,Pz,BETA_H,0.702
ClassicalMusic,Pz,GAMMA,0.780
ClassicalMusic,AF3,THETA,49.800
ClassicalMusic,AF3,ALPHA,12.961
ClassicalMusic,AF3,BETA_L,3.222
ClassicalMusic,AF3,BETA_H,1.500
ClassicalMusic,AF3,GAMMA,0.259
ClassicalMusic,AF4,THETA,40.856
ClassicalMusic,AF4,ALPHA,13.809
ClassicalMusic,AF4,BETA_L,5.661
ClassicalMusic,AF4,BETA_H,1.299
ClassicalMusic,AF4,GAMMA,0.307
ClassicalMusic,T7,THETA,2.373
ClassicalMusic,T7,ALPHA,8.345
ClassicalMusic,T7,BETA_L,8.892
ClassicalMusic,T7,BETA_H,1.716
ClassicalMusic,T7,GAMMA,0.668
ClassicalMusic,T8,THETA,6.604
ClassicalMusic,T8,ALPHA,2.212
ClassicalMusic,T8,BETA_L,10.135
ClassicalMusic,T8,BETA_H,2.446
ClassicalMusic,T8,GAMMA,0.306
ClassicalMusic,Pz,THETA,1.114
ClassicalMusic,Pz,ALPHA,3.256
ClassicalMusic,Pz,BETA_L,1.695
ClassicalMusic,Pz,BETA_H,0.740
ClassicalMusic,Pz,GAMMA,0.863
ClassicalMusic,AF3,THETA,60.045
ClassicalMusic,AF3,ALPHA,17.012
ClassicalMusic,AF3,BETA_L,3.167
ClassicalMusic,AF3,BETA_H,1.492
ClassicalMusic,AF3,GAMMA,0.269
ClassicalMusic,AF4,THETA,48.981
ClassicalMusic,AF4,ALPHA,17.774
ClassicalMusic,AF4,BETA_L,4.778
ClassicalMusic,AF4,BETA_H,1.139
ClassicalMusic,AF4,GAMMA,0.320
ClassicalMusic,T7,THETA,2.225
ClassicalMusic,T7,ALPHA,8.919
ClassicalMusic,T7,BETA_L,8.110
ClassicalMusic,T7,BETA_H,1.637
ClassicalMusic,T7,GAMMA,0.647
ClassicalMusic,T8,THETA,7.726
ClassicalMusic,T8,ALPHA,1.946
ClassicalMusic,T8,BETA_L,7.790
ClassicalMusic,T8,BETA_H,2.304
ClassicalMusic,T8,GAMMA,0.330
ClassicalMusic,Pz,THETA,1.206
ClassicalMusic,Pz,ALPHA,3.015
ClassicalMusic,Pz,BETA_L,1.484
ClassicalMusic,Pz,BETA_H,0.750
ClassicalMusic,Pz,GAMMA,0.879
ClassicalMusic,AF3,THETA,65.305
ClassicalMusic,AF3,ALPHA,19.923
ClassicalMusic,AF3,BETA_L,3.059
ClassicalMusic,AF3,BETA_H,1.435
ClassicalMusic,AF3,GAMMA,0.284
ClassicalMusic,AF4,THETA,53.172
ClassicalMusic,AF4,ALPHA,20.280
ClassicalMusic,AF4,BETA_L,3.900
ClassicalMusic,AF4,BETA_H,0.981
ClassicalMusic,AF4,GAMMA,0.331
ClassicalMusic,T7,THETA,2.045
ClassicalMusic,T7,ALPHA,8.601
ClassicalMusic,T7,BETA_L,6.906
ClassicalMusic,T7,BETA_H,1.583
ClassicalMusic,T7,GAMMA,0.646
ClassicalMusic,T8,THETA,7.996
ClassicalMusic,T8,ALPHA,1.757
ClassicalMusic,T8,BETA_L,5.700
ClassicalMusic,T8,BETA_H,2.011
ClassicalMusic,T8,GAMMA,0.347
ClassicalMusic,Pz,THETA,1.296
ClassicalMusic,Pz,ALPHA,2.689
ClassicalMusic,Pz,BETA_L,1.228
ClassicalMusic,Pz,BETA_H,0.723
ClassicalMusic,Pz,GAMMA,0.815
ClassicalMusic,AF3,THETA,64.850
ClassicalMusic,AF3,ALPHA,20.779
ClassicalMusic,AF3,BETA_L,2.918
ClassicalMusic,AF3,BETA_H,1.350
ClassicalMusic,AF3,GAMMA,0.306
ClassicalMusic,AF4,THETA,52.859
ClassicalMusic,AF4,ALPHA,20.554
ClassicalMusic,AF4,BETA_L,3.184
ClassicalMusic,AF4,BETA_H,0.861
ClassicalMusic,AF4,GAMMA,0.341
ClassicalMusic,T7,THETA,1.885
ClassicalMusic,T7,ALPHA,7.395
ClassicalMusic,T7,BETA_L,5.415
ClassicalMusic,T7,BETA_H,1.494
ClassicalMusic,T7,GAMMA,0.645
ClassicalMusic,T8,THETA,7.181
ClassicalMusic,T8,ALPHA,1.638
ClassicalMusic,T8,BETA_L,3.990
ClassicalMusic,T8,BETA_H,1.610
ClassicalMusic,T8,GAMMA,0.355
ClassicalMusic,Pz,THETA,1.381
ClassicalMusic,Pz,ALPHA,2.282
ClassicalMusic,Pz,BETA_L,0.950
ClassicalMusic,Pz,BETA_H,0.664
ClassicalMusic,Pz,GAMMA,0.691
ClassicalMusic,AF3,THETA,59.195
ClassicalMusic,AF3,ALPHA,19.296
ClassicalMusic,AF3,BETA_L,2.760
ClassicalMusic,AF3,BETA_H,1.279
ClassicalMusic,AF3,GAMMA,0.334
ClassicalMusic,AF4,THETA,48.519
ClassicalMusic,AF4,ALPHA,18.534
ClassicalMusic,AF4,BETA_L,2.724
ClassicalMusic,AF4,BETA_H,0.817
ClassicalMusic,AF4,GAMMA,0.349
ClassicalMusic,T7,THETA,1.748
ClassicalMusic,T7,ALPHA,5.596
ClassicalMusic,T7,BETA_L,3.833
ClassicalMusic,T7,BETA_H,1.329
ClassicalMusic,T7,GAMMA,0.628
ClassicalMusic,T8,THETA,5.592
ClassicalMusic,T8,ALPHA,1.535
ClassicalMusic,T8,BETA_L,2.687
ClassicalMusic,T8,BETA_H,1.190
ClassicalMusic,T8,GAMMA,0.354
ClassicalMusic,Pz,THETA,1.447
ClassicalMusic,Pz,ALPHA,1.827
ClassicalMusic,Pz,BETA_L,0.680
ClassicalMusic,Pz,BETA_H,0.593
ClassicalMusic,Pz,GAMMA,0.547
ClassicalMusic,AF3,THETA,49.528
ClassicalMusic,AF3,ALPHA,15.971
ClassicalMusic,AF3,BETA_L,2.593
ClassicalMusic,AF3,BETA_H,1.266
ClassicalMusic,AF3,GAMMA,0.369
ClassicalMusic,AF4,THETA,40.931
ClassicalMusic,AF4,ALPHA,14.895
ClassicalMusic,AF4,BETA_L,2.526
ClassicalMusic,AF4,BETA_H,0.866
ClassicalMusic,AF4,GAMMA,0.357
ClassicalMusic,T7,THETA,1.633
ClassicalMusic,T7,ALPHA,3.672
ClassicalMusic,T7,BETA_L,2.413
ClassicalMusic,T7,BETA_H,1.098
ClassicalMusic,T7,GAMMA,0.595
ClassicalMusic,T8,THETA,3.676
ClassicalMusic,T8,ALPHA,1.384
ClassicalMusic,T8,BETA_L,1.793
ClassicalMusic,T8,BETA_H,0.852
ClassicalMusic,T8,GAMMA,0.348
ClassicalMusic,Pz,THETA,1.486
ClassicalMusic,Pz,ALPHA,1.387
ClassicalMusic,Pz,BETA_L,0.456
ClassicalMusic,Pz,BETA_H,0.536
ClassicalMusic,Pz,GAMMA,0.422
ClassicalMusic,AF3,THETA,38.048
ClassicalMusic,AF3,ALPHA,11.819
ClassicalMusic,AF3,BETA_L,2.418
ClassicalMusic,AF3,BETA_H,1.311
ClassicalMusic,AF3,GAMMA,0.408
ClassicalMusic,AF4,THETA,31.850
ClassicalMusic,AF4,ALPHA,10.703
ClassicalMusic,AF4,BETA_L,2.530
ClassicalMusic,AF4,BETA_H,0.980
ClassicalMusic,AF4,GAMMA,0.366
ClassicalMusic,T7,THETA,1.552
ClassicalMusic,T7,ALPHA,2.079
ClassicalMusic,T7,BETA_L,1.360
ClassicalMusic,T7,BETA_H,0.858
ClassicalMusic,T7,GAMMA,0.556
ClassicalMusic,T8,THETA,2.065
ClassicalMusic,T8,ALPHA,1.176
ClassicalMusic,T8,BETA_L,1.277
ClassicalMusic,T8,BETA_H,0.649
ClassicalMusic,T8,GAMMA,0.343
ClassicalMusic,Pz,THETA,1.505
ClassicalMusic,Pz,ALPHA,1.035
ClassicalMusic,Pz,BETA_L,0.308
ClassicalMusic,Pz,BETA_H,0.512
ClassicalMusic,Pz,GAMMA,0.340
ClassicalMusic,AF3,THETA,26.671
ClassicalMusic,AF3,ALPHA,7.922
ClassicalMusic,AF3,BETA_L,2.204
ClassicalMusic,AF3,BETA_H,1.362
ClassicalMusic,AF3,GAMMA,0.444
ClassicalMusic,AF4,THETA,22.778
ClassicalMusic,AF4,ALPHA,6.972
ClassicalMusic,AF4,BETA_L,2.590
ClassicalMusic,AF4,BETA_H,1.096
ClassicalMusic,AF4,GAMMA,0.373
ClassicalMusic,T7,THETA,1.496
ClassicalMusic,T7,ALPHA,1.065
ClassicalMusic,T7,BETA_L,0.728
ClassicalMusic,T7,BETA_H,0.662
ClassicalMusic,T7,GAMMA,0.528
ClassicalMusic,T8,THETA,1.077
ClassicalMusic,T8,ALPHA,0.958
ClassicalMusic,T8,BETA_L,1.047
ClassicalMusic,T8,BETA_H,0.569
ClassicalMusic,T8,GAMMA,0.342
ClassicalMusic,Pz,THETA,1.506
ClassicalMusic,Pz,ALPHA,0.803
ClassicalMusic,Pz,BETA_L,0.250
ClassicalMusic,Pz,BETA_H,0.521
ClassicalMusic,Pz,GAMMA,0.299
ClassicalMusic,AF3,THETA,16.852
ClassicalMusic,AF3,ALPHA,5.039
ClassicalMusic,AF3,BETA_L,1.928
ClassicalMusic,AF3,BETA_H,1.356
ClassicalMusic,AF3,GAMMA,0.472
ClassicalMusic,AF4,THETA,14.844
ClassicalMusic,AF4,ALPHA,4.309
ClassicalMusic,AF4,BETA_L,2.569
ClassicalMusic,AF4,BETA_H,1.154
ClassicalMusic,AF4,GAMMA,0.377
ClassicalMusic,T7,THETA,1.477
ClassicalMusic,T7,ALPHA,0.616
ClassicalMusic,T7,BETA_L,0.451
ClassicalMusic,T7,BETA_H,0.532
ClassicalMusic,T7,GAMMA,0.521
ClassicalMusic,T8,THETA,0.773
ClassicalMusic,T8,ALPHA,0.765
ClassicalMusic,T8,BETA_L,0.962
ClassicalMusic,T8,BETA_H,0.555
ClassicalMusic,T8,GAMMA,0.345
ClassicalMusic,Pz,THETA,1.502
ClassicalMusic,Pz,ALPHA,0.675
ClassicalMusic,Pz,BETA_L,0.276
ClassicalMusic,Pz,BETA_H,0.554
ClassicalMusic,Pz,GAMMA,0.294
ClassicalMusic,AF3,THETA,9.407
ClassicalMusic,AF3,ALPHA,3.308
ClassicalMusic,AF3,BETA_L,1.606
ClassicalMusic,AF3,BETA_H,1.265
ClassicalMusic,AF3,GAMMA,0.491
ClassicalMusic,AF4,THETA,8.833
ClassicalMusic,AF4,ALPHA,2.776
ClassicalMusic,AF4,BETA_L,2.386
ClassicalMusic,AF4,BETA_H,1.130
ClassicalMusic,AF4,GAMMA,0.375
ClassicalMusic,T7,THETA,1.467
ClassicalMusic,T7,ALPHA,0.542
ClassicalMusic,T7,BETA_L,0.392
ClassicalMusic,T7,BETA_H,0.466
ClassicalMusic,T7,GAMMA,0.528
ClassicalMusic,T8,THETA,0.902
ClassicalMusic,T8,ALPHA,0.610
ClassicalMusic,T8,BETA_L,0.884
ClassicalMusic,T8,BETA_H,0.551
ClassicalMusic,T8,GAMMA,0.347
ClassicalMusic,Pz,THETA,1.486
ClassicalMusic,Pz,ALPHA,0.597
ClassicalMusic,Pz,BETA_L,0.355
ClassicalMusic,Pz,BETA_H,0.600
ClassicalMusic,Pz,GAMMA,0.354
ClassicalMusic,AF3,THETA,9.834
ClassicalMusic,AF3,ALPHA,2.774
ClassicalMusic,AF3,BETA_L,1.328
ClassicalMusic,AF3,BETA_H,1.107
ClassicalMusic,AF3,GAMMA,0.508
ClassicalMusic,AF4,THETA,10.357
ClassicalMusic,AF4,ALPHA,2.444
ClassicalMusic,AF4,BETA_L,2.101
ClassicalMusic,AF4,BETA_H,1.036
ClassicalMusic,AF4,GAMMA,0.369
ClassicalMusic,T7,THETA,1.525
ClassicalMusic,T7,ALPHA,0.606
ClassicalMusic,T7,BETA_L,0.418
ClassicalMusic,T7,BETA_H,0.434
ClassicalMusic,T7,GAMMA,0.535
ClassicalMusic,T8,THETA,1.262
ClassicalMusic,T8,ALPHA,0.504
ClassicalMusic,T8,BETA_L,0.763
ClassicalMusic,T8,BETA_H,0.538
ClassicalMusic,T8,GAMMA,0.343
ClassicalMusic,Pz,THETA,1.432
ClassicalMusic,Pz,ALPHA,0.548
ClassicalMusic,Pz,BETA_L,0.453
ClassicalMusic,Pz,BETA_H,0.657
ClassicalMusic,Pz,GAMMA,0.523
ClassicalMusic,AF3,THETA,24.804
ClassicalMusic,AF3,ALPHA,3.595
ClassicalMusic,AF3,BETA_L,1.225
ClassicalMusic,AF3,BETA_H,0.952
ClassicalMusic,AF3,GAMMA,0.527
ClassicalMusic,AF4,THETA,26.336
ClassicalMusic,AF4,ALPHA,3.517
ClassicalMusic,AF4,BETA_L,1.852
ClassicalMusic,AF4,BETA_H,0.920
ClassicalMusic,AF4,GAMMA,0.363
ClassicalMusic,T7,THETA,1.681
ClassicalMusic,T7,ALPHA,0.687
ClassicalMusic,T7,BETA_L,0.470
ClassicalMusic,T7,BETA_H,0.414
ClassicalMusic,T7,GAMMA,0.529
ClassicalMusic,T8,THETA,1.727
ClassicalMusic,T8,ALPHA,0.442
ClassicalMusic,T8,BETA_L,0.620
ClassicalMusic,T8,BETA_H,0.520
ClassicalMusic,T8,GAMMA,0.330
ClassicalMusic,Pz,THETA,1.375
ClassicalMusic,Pz,ALPHA,0.538
ClassicalMusic,Pz,BETA_L,0.549
ClassicalMusic,Pz,BETA_H,0.732
ClassicalMusic,Pz,GAMMA,0.816
ClassicalMusic,AF3,THETA,55.860
ClassicalMusic,AF3,ALPHA,5.777
ClassicalMusic,AF3,BETA_L,1.385
ClassicalMusic,AF3,BETA_H,0.875
ClassicalMusic,AF3,GAMMA,0.547
ClassicalMusic,AF4,THETA,59.098
ClassicalMusic,AF4,ALPHA,5.988
ClassicalMusic,AF4,BETA_L,1.776
ClassicalMusic,AF4,BETA_H,0.835
ClassicalMusic,AF4,GAMMA,0.359
ClassicalMusic,T7,THETA,1.881
ClassicalMusic,T7,ALPHA,0.740
ClassicalMusic,T7,BETA_L,0.522
ClassicalMusic,T7,BETA_H,0.396
ClassicalMusic,T7,GAMMA,0.509
ClassicalMusic,T8,THETA,2.242
ClassicalMusic,T8,ALPHA,0.408
ClassicalMusic,T8,BETA_L,0.515
ClassicalMusic,T8,BETA_H,0.514
ClassicalMusic,T8,GAMMA,0.309
ClassicalMusic,Pz,THETA,1.365
ClassicalMusic,Pz,ALPHA,0.568
ClassicalMusic,Pz,BETA_L,0.637
ClassicalMusic,Pz,BETA_H,0.820
ClassicalMusic,Pz,GAMMA,1.187
ClassicalMusic,AF3,THETA,97.083
ClassicalMusic,AF3,ALPHA,9.016
ClassicalMusic,AF3,BETA_L,1.821
ClassicalMusic,AF3,BETA_H,0.917
ClassicalMusic,AF3,GAMMA,0.560
ClassicalMusic,AF4,THETA,102.575
ClassicalMusic,AF4,ALPHA,9.506
ClassicalMusic,AF4,BETA_L,1.960
ClassicalMusic,AF4,BETA_H,0.819
ClassicalMusic,AF4,GAMMA,0.360
ClassicalMusic,T7,THETA,2.012
ClassicalMusic,T7,ALPHA,0.773
ClassicalMusic,T7,BETA_L,0.559
ClassicalMusic,T7,BETA_H,0.381
ClassicalMusic,T7,GAMMA,0.485
ClassicalMusic,T8,THETA,2.726
ClassicalMusic,T8,ALPHA,0.406
ClassicalMusic,T8,BETA_L,0.508
ClassicalMusic,T8,BETA_H,0.543
ClassicalMusic,T8,GAMMA,0.286
ClassicalMusic,Pz,THETA,1.419
ClassicalMusic,Pz,ALPHA,0.623
ClassicalMusic,Pz,BETA_L,0.713
ClassicalMusic,Pz,BETA_H,0.908
ClassicalMusic,Pz,GAMMA,1.531
ClassicalMusic,AF3,THETA,138.665
ClassicalMusic,AF3,ALPHA,12.523
ClassicalMusic,AF3,BETA_L,2.409
ClassicalMusic,AF3,BETA_H,1.064
ClassicalMusic,AF3,GAMMA,0.557
ClassicalMusic,AF4,THETA,146.782
ClassicalMusic,AF4,ALPHA,13.252
ClassicalMusic,AF4,BETA_L,2.350
ClassicalMusic,AF4,BETA_H,0.876
ClassicalMusic,AF4,GAMMA,0.367
ClassicalMusic,T7,THETA,1.985
ClassicalMusic,T7,ALPHA,0.819
ClassicalMusic,T7,BETA_L,0.591
ClassicalMusic,T7,BETA_H,0.378
ClassicalMusic,T7,GAMMA,0.468
ClassicalMusic,T8,THETA,3.074
ClassicalMusic,T8,ALPHA,0.468
ClassicalMusic,T8,BETA_L,0.642
ClassicalMusic,T8,BETA_H,0.617
ClassicalMusic,T8,GAMMA,0.268
ClassicalMusic,Pz,THETA,1.510
ClassicalMusic,Pz,ALPHA,0.680
ClassicalMusic,Pz,BETA_L,0.779
ClassicalMusic,Pz,BETA_H,0.967
ClassicalMusic,Pz,GAMMA,1.734
ClassicalMusic,AF3,THETA,167.544
ClassicalMusic,AF3,ALPHA,15.141
ClassicalMusic,AF3,BETA_L,2.959
ClassicalMusic,AF3,BETA_H,1.259
ClassicalMusic,AF3,GAMMA,0.534
ClassicalMusic,AF4,THETA,177.662
ClassicalMusic,AF4,ALPHA,16.019
ClassicalMusic,AF4,BETA_L,2.790
ClassicalMusic,AF4,BETA_H,0.987
ClassicalMusic,AF4,GAMMA,0.379
ClassicalMusic,T7,THETA,1.790
ClassicalMusic,T7,ALPHA,0.899
ClassicalMusic,T7,BETA_L,0.631
ClassicalMusic,T7,BETA_H,0.411
ClassicalMusic,T7,GAMMA,0.472
ClassicalMusic,T8,THETA,3.201
ClassicalMusic,T8,ALPHA,0.622
ClassicalMusic,T8,BETA_L,0.926
ClassicalMusic,T8,BETA_H,0.726
ClassicalMusic,T8,GAMMA,0.268
ClassicalMusic,Pz,THETA,1.576
ClassicalMusic,Pz,ALPHA,0.714
ClassicalMusic,Pz,BETA_L,0.835
ClassicalMusic,Pz,BETA_H,0.972
ClassicalMusic,Pz,GAMMA,1.730
ClassicalMusic,AF3,THETA,173.331
ClassicalMusic,AF3,ALPHA,15.879
ClassicalMusic,AF3,BETA_L,3.292
ClassicalMusic,AF3,BETA_H,1.434
ClassicalMusic,AF3,GAMMA,0.499
ClassicalMusic,AF4,THETA,184.096
ClassicalMusic,AF4,ALPHA,16.791
ClassicalMusic,AF4,BETA_L,3.100
ClassicalMusic,AF4,BETA_H,1.119
ClassicalMusic,AF4,GAMMA,0.399
ClassicalMusic,T7,THETA,1.484
ClassicalMusic,T7,ALPHA,1.012
ClassicalMusic,T7,BETA_L,0.680
ClassicalMusic,T7,BETA_H,0.495
ClassicalMusic,T7,GAMMA,0.501
ClassicalMusic,T8,THETA,3.073
ClassicalMusic,T8,ALPHA,0.861
ClassicalMusic,T8,BETA_L,1.323
ClassicalMusic,T8,BETA_H,0.844
ClassicalMusic,T8,GAMMA,0.297
ClassicalMusic,Pz,THETA,1.551
ClassicalMusic,Pz,ALPHA,0.704
ClassicalMusic,Pz,BETA_L,0.885
ClassicalMusic,Pz,BETA_H,0.909
ClassicalMusic,Pz,GAMMA,1.530
ClassicalMusic,AF3,THETA,153.952
ClassicalMusic,AF3,ALPHA,14.398
ClassicalMusic,AF3,BETA_L,3.323
ClassicalMusic,AF3,BETA_H,1.535
ClassicalMusic,AF3,GAMMA,0.467
ClassicalMusic,AF4,THETA,163.786
ClassicalMusic,AF4,ALPHA,15.237
ClassicalMusic,AF4,BETA_L,3.163
ClassicalMusic,AF4,BETA_H,1.236
ClassicalMusic,AF4,GAMMA,0.432
ClassicalMusic,T7,THETA,1.154
ClassicalMusic,T7,ALPHA,1.131
ClassicalMusic,T7,BETA_L,0.724
ClassicalMusic,T7,BETA_H,0.626
ClassicalMusic,T7,GAMMA,0.551
ClassicalMusic,T8,THETA,2.734
ClassicalMusic,T8,ALPHA,1.153
ClassicalMusic,T8,BETA_L,1.744
ClassicalMusic,T8,BETA_H,0.938
ClassicalMusic,T8,GAMMA,0.359
ClassicalMusic,Pz,THETA,1.425
ClassicalMusic,Pz,ALPHA,0.649
ClassicalMusic,Pz,BETA_L,0.923
ClassicalMusic,Pz,BETA_H,0.786
ClassicalMusic,Pz,GAMMA,1.215
ClassicalMusic,AF3,THETA,116.278
ClassicalMusic,AF3,ALPHA,11.178
ClassicalMusic,AF3,BETA_L,3.094
ClassicalMusic,AF3,BETA_H,1.538
ClassicalMusic,AF3,GAMMA,0.450
ClassicalMusic,AF4,THETA,123.946
ClassicalMusic,AF4,ALPHA,11.880
ClassicalMusic,AF4,BETA_L,2.990
ClassicalMusic,AF4,BETA_H,1.302
ClassicalMusic,AF4,GAMMA,0.479
ClassicalMusic,T7,THETA,0.887
ClassicalMusic,T7,ALPHA,1.213
ClassicalMusic,T7,BETA_L,0.738
ClassicalMusic,T7,BETA_H,0.774
ClassicalMusic,T7,GAMMA,0.617
ClassicalMusic,T8,THETA,2.296
ClassicalMusic,T8,ALPHA,1.430
ClassicalMusic,T8,BETA_L,2.064
ClassicalMusic,T8,BETA_H,0.973
ClassicalMusic,T8,GAMMA,0.447
ClassicalMusic,Pz,THETA,1.248
ClassicalMusic,Pz,ALPHA,0.578
ClassicalMusic,Pz,BETA_L,0.942
ClassicalMusic,Pz,BETA_H,0.634
ClassicalMusic,Pz,GAMMA,0.895
ClassicalMusic,AF3,THETA,72.976
ClassicalMusic,AF3,ALPHA,7.303
ClassicalMusic,AF3,BETA_L,2.702
ClassicalMusic,AF3,BETA_H,1.449
ClassicalMusic,AF3,GAMMA,0.453
ClassicalMusic,AF4,THETA,77.973
ClassicalMusic,AF4,ALPHA,7.831
ClassicalMusic,AF4,BETA_L,2.659
ClassicalMusic,AF4,BETA_H,1.297
ClassicalMusic,AF4,GAMMA,0.530
ClassicalMusic,T7,THETA,0.722
ClassicalMusic,T7,ALPHA,1.220
ClassicalMusic,T7,BETA_L,0.715
ClassicalMusic,T7,BETA_H,0.905
ClassicalMusic,T7,GAMMA,0.685
ClassicalMusic,T8,THETA,1.873
ClassicalMusic,T8,ALPHA,1.604
ClassicalMusic,T8,BETA_L,2.189
ClassicalMusic,T8,BETA_H,0.939
ClassicalMusic,T8,GAMMA,0.540
ClassicalMusic,Pz,THETA,1.089
ClassicalMusic,Pz,ALPHA,0.526
ClassicalMusic,Pz,BETA_L,0.926
ClassicalMusic,Pz,BETA_H,0.488
ClassicalMusic,Pz,GAMMA,0.658
ClassicalMusic,AF3,THETA,36.405
ClassicalMusic,AF3,ALPHA,3.906
ClassicalMusic,AF3,BETA_L,2.247
ClassicalMusic,AF3,BETA_H,1.299
ClassicalMusic,AF3,GAMMA,0.467
ClassicalMusic,AF4,THETA,39.009
ClassicalMusic,AF4,ALPHA,4.261
ClassicalMusic,AF4,BETA_L,2.267
ClassicalMusic,AF4,BETA_H,1.225
ClassicalMusic,AF4,GAMMA,0.572
ClassicalMusic,T7,THETA,0.673
ClassicalMusic,T7,ALPHA,1.140
ClassicalMusic,T7,BETA_L,0.658
ClassicalMusic,T7,BETA_H,0.989
ClassicalMusic,T7,GAMMA,0.739
ClassicalMusic,T8,THETA,1.543
ClassicalMusic,T8,ALPHA,1.620
ClassicalMusic,T8,BETA_L,2.080
ClassicalMusic,T8,BETA_H,0.853
ClassicalMusic,T8,GAMMA,0.609
ClassicalMusic,Pz,THETA,0.996
ClassicalMusic,Pz,ALPHA,0.524
ClassicalMusic,Pz,BETA_L,0.868
ClassicalMusic,Pz,BETA_H,0.376
ClassicalMusic,Pz,GAMMA,0.526
ClassicalMusic,AF3,THETA,13.549
ClassicalMusic,AF3,ALPHA,1.672
ClassicalMusic,AF3,BETA_L,1.817
ClassicalMusic,AF3,BETA_H,1.130
ClassicalMusic,AF3,GAMMA,0.480
ClassicalMusic,AF4,THETA,14.634
ClassicalMusic,AF4,ALPHA,1.892
ClassicalMusic,AF4,BETA_L,1.896
ClassicalMusic,AF4,BETA_H,1.119
ClassicalMusic,AF4,GAMMA,0.593
ClassicalMusic,T7,THETA,0.705
ClassicalMusic,T7,ALPHA,1.000
ClassicalMusic,T7,BETA_L,0.591
ClassicalMusic,T7,BETA_H,1.022
ClassicalMusic,T7,GAMMA,0.763
ClassicalMusic,T8,THETA,1.352
ClassicalMusic,T8,ALPHA,1.496
ClassicalMusic,T8,BETA_L,1.779
ClassicalMusic,T8,BETA_H,0.756
ClassicalMusic,T8,GAMMA,0.635
ClassicalMusic,Pz,THETA,0.962
ClassicalMusic,Pz,ALPHA,0.578
ClassicalMusic,Pz,BETA_L,0.770
ClassicalMusic,Pz,BETA_H,0.304
ClassicalMusic,Pz,GAMMA,0.468
ClassicalMusic,AF3,THETA,3.703
ClassicalMusic,AF3,ALPHA,0.640
ClassicalMusic,AF3,BETA_L,1.449
ClassicalMusic,AF3,BETA_H,0.986
ClassicalMusic,AF3,GAMMA,0.483
ClassicalMusic,AF4,THETA,4.169
ClassicalMusic,AF4,ALPHA,0.756
ClassicalMusic,AF4,BETA_L,1.582
ClassicalMusic,AF4,BETA_H,1.019
ClassicalMusic,AF4,GAMMA,0.589
ClassicalMusic,T7,THETA,0.796
ClassicalMusic,T7,ALPHA,0.854
ClassicalMusic,T7,BETA_L,0.540
ClassicalMusic,T7,BETA_H,1.017
ClassicalMusic,T7,GAMMA,0.753
ClassicalMusic,T8,THETA,1.348
ClassicalMusic,T8,ALPHA,1.310
ClassicalMusic,T8,BETA_L,1.391
ClassicalMusic,T8,BETA_H,0.690
ClassicalMusic,T8,GAMMA,0.615
ClassicalMusic,Pz,THETA,0.950
ClassicalMusic,Pz,ALPHA,0.658
ClassicalMusic,Pz,BETA_L,0.648
ClassicalMusic,Pz,BETA_H,0.262
ClassicalMusic,Pz,GAMMA,0.428
ClassicalMusic,AF3,THETA,1.469
ClassicalMusic,AF3,ALPHA,0.450
ClassicalMusic,AF3,BETA_L,1.155
ClassicalMusic,AF3,BETA_H,0.899
ClassicalMusic,AF3,GAMMA,0.479
ClassicalMusic,AF4,THETA,1.866
ClassicalMusic,AF4,ALPHA,0.424
ClassicalMusic,AF4,BETA_L,1.323
ClassicalMusic,AF4,BETA_H,0.961
ClassicalMusic,AF4,GAMMA,0.566
ClassicalMusic,T7,THETA,0.945
ClassicalMusic,T7,ALPHA,0.789
ClassicalMusic,T7,BETA_L,0.526
ClassicalMusic,T7,BETA_H,1.002
ClassicalMusic,T7,GAMMA,0.714
ClassicalMusic,T8,THETA,1.569
ClassicalMusic,T8,ALPHA,1.195
ClassicalMusic,T8,BETA_L,1.036
ClassicalMusic,T8,BETA_H,0.684
ClassicalMusic,T8,GAMMA,0.568
ClassicalMusic,Pz,THETA,0.919
ClassicalMusic,Pz,ALPHA,0.730
ClassicalMusic,Pz,BETA_L,0.520
ClassicalMusic,Pz,BETA_H,0.237
ClassicalMusic,Pz,GAMMA,0.375
ClassicalMusic,AF3,THETA,1.554
ClassicalMusic,AF3,ALPHA,0.705
ClassicalMusic,AF3,BETA_L,0.941
ClassicalMusic,AF3,BETA_H,0.882
ClassicalMusic,AF3,GAMMA,0.475
ClassicalMusic,AF4,THETA,2.028
ClassicalMusic,AF4,ALPHA,0.430
ClassicalMusic,AF4,BETA_L,1.111
ClassicalMusic,AF4,BETA_H,0.959
ClassicalMusic,AF4,GAMMA,0.536
ClassicalMusic,T7,THETA,1.166
ClassicalMusic,T7,ALPHA,0.878
ClassicalMusic,T7,BETA_L,0.557
ClassicalMusic,T7,BETA_H,1.009
ClassicalMusic,T7,GAMMA,0.656
ClassicalMusic,T8,THETA,2.038
ClassicalMusic,T8,ALPHA,1.277
ClassicalMusic,T8,BETA_L,0.802
ClassicalMusic,T8,BETA_H,0.738
ClassicalMusic,T8,GAMMA,0.521
ClassicalMusic,Pz,THETA,0.869
ClassicalMusic,Pz,ALPHA,0.774
ClassicalMusic,Pz,BETA_L,0.408
ClassicalMusic,Pz,BETA_H,0.230
ClassicalMusic,Pz,GAMMA,0.319
ClassicalMusic,AF3,THETA,1.962
ClassicalMusic,AF3,ALPHA,1.180
ClassicalMusic,AF3,BETA_L,0.813
ClassicalMusic,AF3,BETA_H,0.928
ClassicalMusic,AF3,GAMMA,0.475
ClassicalMusic,AF4,THETA,2.580
ClassicalMusic,AF4,ALPHA,0.608
ClassicalMusic,AF4,BETA_L,0.948
ClassicalMusic,AF4,BETA_H,0.996
ClassicalMusic,AF4,GAMMA,0.508
ClassicalMusic,T7,THETA,1.418
ClassicalMusic,T7,ALPHA,1.130
ClassicalMusic,T7,BETA_L,0.621
ClassicalMusic,T7,BETA_H,1.048
ClassicalMusic,T7,GAMMA,0.595
ClassicalMusic,T8,THETA,2.661
ClassicalMusic,T8,ALPHA,1.588
ClassicalMusic,T8,BETA_L,0.716
ClassicalMusic,T8,BETA_H,0.827
ClassicalMusic,T8,GAMMA,0.493
ClassicalMusic,Pz,THETA,0.824
ClassicalMusic,Pz,ALPHA,0.777
ClassicalMusic,Pz,BETA_L,0.329
ClassicalMusic,Pz,BETA_H,0.242
ClassicalMusic,Pz,GAMMA,0.277
ClassicalMusic,AF3,THETA,2.281
ClassicalMusic,AF3,ALPHA,1.770
ClassicalMusic,AF3,BETA_L,0.776
ClassicalMusic,AF3,BETA_H,1.012
ClassicalMusic,AF3,GAMMA,0.479
ClassicalMusic,AF4,THETA,2.998
ClassicalMusic,AF4,ALPHA,0.929
ClassicalMusic,AF4,BETA_L,0.835
ClassicalMusic,AF4,BETA_H,1.030
ClassicalMusic,AF4,GAMMA,0.489
ClassicalMusic,T7,THETA,1.627
ClassicalMusic,T7,ALPHA,1.484
ClassicalMusic,T7,BETA_L,0.692
ClassicalMusic,T7,BETA_H,1.106
ClassicalMusic,T7,GAMMA,0.536
ClassicalMusic,T8,THETA,3.299
ClassicalMusic,T8,ALPHA,2.050
ClassicalMusic,T8,BETA_L,0.739
ClassicalMusic,T8,BETA_H,0.908
ClassicalMusic,T8,GAMMA,0.489
ClassicalMusic,Pz,THETA,0.776
ClassicalMusic,Pz,ALPHA,0.744
ClassicalMusic,Pz,BETA_L,0.286
ClassicalMusic,Pz,BETA_H,0.275
ClassicalMusic,Pz,GAMMA,0.257
ClassicalMusic,AF3,THETA,2.526
ClassicalMusic,AF3,ALPHA,2.308
ClassicalMusic,AF3,BETA_L,0.803
ClassicalMusic,AF3,BETA_H,1.097
ClassicalMusic,AF3,GAMMA,0.477
ClassicalMusic,AF4,THETA,3.335
ClassicalMusic,AF4,ALPHA,1.312
ClassicalMusic,AF4,BETA_L,0.755
ClassicalMusic,AF4,BETA_H,1.023
ClassicalMusic,AF4,GAMMA,0.480
ClassicalMusic,T7,THETA,1.734
ClassicalMusic,T7,ALPHA,1.834
ClassicalMusic,T7,BETA_L,0.751
ClassicalMusic,T7,BETA_H,1.153
ClassicalMusic,T7,GAMMA,0.485
ClassicalMusic,T8,THETA,3.679
ClassicalMusic,T8,ALPHA,2.505
ClassicalMusic,T8,BETA_L,0.798
ClassicalMusic,T8,BETA_H,0.942
ClassicalMusic,T8,GAMMA,0.499
ClassicalMusic,Pz,THETA,0.734
ClassicalMusic,Pz,ALPHA,0.687
ClassicalMusic,Pz,BETA_L,0.269
ClassicalMusic,Pz,BETA_H,0.330
ClassicalMusic,Pz,GAMMA,0.262
ClassicalMusic,AF3,THETA,2.588
ClassicalMusic,AF3,ALPHA,2.633
ClassicalMusic,AF3,BETA_L,0.861
ClassicalMusic,AF3,BETA_H,1.149
ClassicalMusic,AF3,GAMMA,0.465
ClassicalMusic,AF4,THETA,3.415
ClassicalMusic,AF4,ALPHA,1.653
ClassicalMusic,AF4,BETA_L,0.690
ClassicalMusic,AF4,BETA_H,0.958
ClassicalMusic,AF4,GAMMA,0.479
ClassicalMusic,T7,THETA,1.701
ClassicalMusic,T7,ALPHA,2.077
ClassicalMusic,T7,BETA_L,0.787
ClassicalMusic,T7,BETA_H,1.156
ClassicalMusic,T7,GAMMA,0.442
ClassicalMusic,T8,THETA,3.681
ClassicalMusic,T8,ALPHA,2.795
ClassicalMusic,T8,BETA_L,0.836
ClassicalMusic,T8,BETA_H,0.909
ClassicalMusic,T8,GAMMA,0.508
ClassicalMusic,Pz,THETA,0.697
ClassicalMusic,Pz,ALPHA,0.628
ClassicalMusic,Pz,BETA_L,0.262
ClassicalMusic,Pz,BETA_H,0.402
ClassicalMusic,Pz,GAMMA,0.285
ClassicalMusic,AF3,THETA,2.574
ClassicalMusic,AF3,ALPHA,2.636
ClassicalMusic,AF3,BETA_L,0.914
ClassicalMusic,AF3,BETA_H,1.150
ClassicalMusic,AF3,GAMMA,0.444
ClassicalMusic,AF4,THETA,3.304
ClassicalMusic,AF4,ALPHA,1.855
ClassicalMusic,AF4,BETA_L,0.628
ClassicalMusic,AF4,BETA_H,0.848
ClassicalMusic,AF4,GAMMA,0.487
ClassicalMusic,T7,THETA,1.596
ClassicalMusic,T7,ALPHA,2.156
ClassicalMusic,T7,BETA_L,0.794
ClassicalMusic,T7,BETA_H,1.101
ClassicalMusic,T7,GAMMA,0.413
ClassicalMusic,T8,THETA,3.263
ClassicalMusic,T8,ALPHA,2.814
ClassicalMusic,T8,BETA_L,0.821
ClassicalMusic,T8,BETA_H,0.815
ClassicalMusic,T8,GAMMA,0.510
ClassicalMusic,Pz,THETA,0.688
ClassicalMusic,Pz,ALPHA,0.580
ClassicalMusic,Pz,BETA_L,0.258
ClassicalMusic,Pz,BETA_H,0.479
ClassicalMusic,Pz,GAMMA,0.318
ClassicalMusic,AF3,THETA,2.629
ClassicalMusic,AF3,ALPHA,2.338
ClassicalMusic,AF3,BETA_L,0.925
ClassicalMusic,AF3,BETA_H,1.097
ClassicalMusic,AF3,GAMMA,0.423
ClassicalMusic,AF4,THETA,3.119
ClassicalMusic,AF4,ALPHA,1.875
ClassicalMusic,AF4,BETA_L,0.556
ClassicalMusic,AF4,BETA_H,0.720
ClassicalMusic,AF4,GAMMA,0.504
ClassicalMusic,T7,THETA,1.529
ClassicalMusic,T7,ALPHA,2.067
ClassicalMusic,T7,BETA_L,0.768
ClassicalMusic,T7,BETA_H,0.991
ClassicalMusic,T7,GAMMA,0.408
ClassicalMusic,T8,THETA,2.619
ClassicalMusic,T8,ALPHA,2.556
ClassicalMusic,T8,BETA_L,0.741
ClassicalMusic,T8,BETA_H,0.682
ClassicalMusic,T8,GAMMA,0.512
ClassicalMusic,Pz,THETA,0.740
ClassicalMusic,Pz,ALPHA,0.550
ClassicalMusic,Pz,BETA_L,0.254
ClassicalMusic,Pz,BETA_H,0.545
ClassicalMusic,Pz,GAMMA,0.354
ClassicalMusic,AF3,THETA,2.881
ClassicalMusic,AF3,ALPHA,1.859
ClassicalMusic,AF3,BETA_L,0.874
ClassicalMusic,AF3,BETA_H,1.007
ClassicalMusic,AF3,GAMMA,0.419
ClassicalMusic,AF4,THETA,3.004
ClassicalMusic,AF4,ALPHA,1.748
ClassicalMusic,AF4,BETA_L,0.474
ClassicalMusic,AF4,BETA_H,0.607
ClassicalMusic,AF4,GAMMA,0.535
ClassicalMusic,T7,THETA,1.591
ClassicalMusic,T7,ALPHA,1.845
ClassicalMusic,T7,BETA_L,0.709
ClassicalMusic,T7,BETA_H,0.844
ClassicalMusic,T7,GAMMA,0.435
ClassicalMusic,T8,THETA,1.986
ClassicalMusic,T8,ALPHA,2.119
ClassicalMusic,T8,BETA_L,0.609
ClassicalMusic,T8,BETA_H,0.545
ClassicalMusic,T8,GAMMA,0.526
ClassicalMusic,Pz,THETA,0.869
ClassicalMusic,Pz,ALPHA,0.533
ClassicalMusic,Pz,BETA_L,0.261
ClassicalMusic,Pz,BETA_H,0.592
ClassicalMusic,Pz,GAMMA,0.387
ClassicalMusic,AF3,THETA,3.349
ClassicalMusic,AF3,ALPHA,1.380
ClassicalMusic,AF3,BETA_L,0.772
ClassicalMusic,AF3,BETA_H,0.903
ClassicalMusic,AF3,GAMMA,0.436
ClassicalMusic,AF4,THETA,3.045
ClassicalMusic,AF4,ALPHA,1.573
ClassicalMusic,AF4,BETA_L,0.400
ClassicalMusic,AF4,BETA_H,0.531
ClassicalMusic,AF4,GAMMA,0.573
ClassicalMusic,T7,THETA,1.806
ClassicalMusic,T7,ALPHA,1.559
ClassicalMusic,T7,BETA_L,0.620
ClassicalMusic,T7,BETA_H,0.692
ClassicalMusic,T7,GAMMA,0.495
ClassicalMusic,T8,THETA,1.562
ClassicalMusic,T8,ALPHA,1.679
ClassicalMusic,T8,BETA_L,0.500
ClassicalMusic,T8,BETA_H,0.443
ClassicalMusic,T8,GAMMA,0.556
ClassicalMusic,Pz,THETA,1.071
ClassicalMusic,Pz,ALPHA,0.527
ClassicalMusic,Pz,BETA_L,0.297
ClassicalMusic,Pz,BETA_H,0.618
ClassicalMusic,Pz,GAMMA,0.416
ClassicalMusic,AF3,THETA,3.898
ClassicalMusic,AF3,ALPHA,1.046
ClassicalMusic,AF3,BETA_L,0.659
ClassicalMusic,AF3,BETA_H,0.814
ClassicalMusic,AF3,GAMMA,0.469
ClassicalMusic,AF4,THETA,3.207
ClassicalMusic,AF4,ALPHA,1.457
ClassicalMusic,AF4,BETA_L,0.380
ClassicalMusic,AF4,BETA_H,0.505
ClassicalMusic,AF4,GAMMA,0.609
ClassicalMusic,T7,THETA,2.118
ClassicalMusic,T7,ALPHA,1.277
ClassicalMusic,T7,BETA_L,0.524
ClassicalMusic,T7,BETA_H,0.571
ClassicalMusic,T7,GAMMA,0.575
ClassicalMusic,T8,THETA,1.462
ClassicalMusic,T8,ALPHA,1.428
ClassicalMusic,T8,BETA_L,0.603
ClassicalMusic,T8,BETA_H,0.413
ClassicalMusic,T8,GAMMA,0.592
ClassicalMusic,Pz,THETA,1.314
ClassicalMusic,Pz,ALPHA,0.534
ClassicalMusic,Pz,BETA_L,0.388
ClassicalMusic,Pz,BETA_H,0.625
ClassicalMusic,Pz,GAMMA,0.440
